date,left_price,right_price,spread,signal,prev_signal,beta,left_shares,right_shares,gross_pnl,costs,net_pnl,equity_curve,returns
2022-03-01,87.9805,26.4234,0.5835861222747383,0.0,0.0,0.2936993297119846,0.0,0.0,0.0,0.0,0.0,100000.0,0.0
2022-03-02,88.9852,27.2492,1.114306405713105,0.0,0.0,0.2936993297119846,0.0,0.0,0.0,0.0,0.0,100000.0,0.0
2022-03-03,91.6569,27.7604,0.840829906521602,0.0,0.0,0.2936993297119846,0.0,0.0,0.0,0.0,0.0,100000.0,0.0
2022-03-04,93.9492,28.4976,0.9047829330228154,0.0,0.0,0.2936993297119846,0.0,0.0,0.0,0.0,0.0,100000.0,0.0
2022-03-07,94.8565,28.242,0.3827095311751343,0.0,0.0,0.2936993297119846,0.0,0.0,-0.0,0.0,-0.0,100000.0,0.0
2022-03-08,92.8955,28.0553,0.7719539167403333,0.0,0.0,0.2936993297119846,0.0,0.0,-0.0,0.0,-0.0,100000.0,0.0
2022-03-09,92.6615,27.8979,0.683279559892938,0.0,0.0,0.2936993297119846,0.0,0.0,0.0,0.0,0.0,100000.0,0.0
2022-03-10,93.6179,28.2126,0.7170855209563953,0.0,0.0,0.2936993297119846,0.0,0.0,-0.0,0.0,-0.0,100000.0,0.0
2022-03-11,93.1785,27.9668,0.6003370064318432,0.0,0.0,0.2936993297119846,0.0,0.0,-0.0,0.0,-0.0,100000.0,0.0
2022-03-14,92.3981,27.9275,0.7902399633390758,0.0,0.0,0.2936993297119846,0.0,0.0,0.0,0.0,0.0,100000.0,0.0
2022-03-15,93.7349,28.3895,0.8596226993800968,0.0,0.0,0.2936993297119846,0.0,0.0,-0.0,0.0,-0.0,100000.0,0.0
2022-03-16,92.7204,28.3796,1.1476806693729031,0.0,0.0,0.2936993297119846,0.0,0.0,0.0,0.0,0.0,100000.0,0.0
2022-03-17,92.5937,28.5861,1.3913923744474097,0.0,0.0,0.2936993297119846,0.0,0.0,-0.0,0.0,-0.0,100000.0,0.0
2022-03-18,91.7454,28.5566,1.6110375158420887,0.0,0.0,0.2936993297119846,0.0,0.0,0.0,0.0,0.0,100000.0,0.0
2022-03-21,92.3499,28.9695,1.8463962710311925,0.0,0.0,0.2936993297119846,0.0,0.0,0.0,0.0,0.0,100000.0,0.0
2022-03-22,92.8955,28.9695,1.6861539167403343,0.0,0.0,0.2936993297119846,0.0,0.0,0.0,0.0,0.0,100000.0,0.0
2022-03-23,93.6366,29.117,1.6159933434907856,0.0,0.0,0.2936993297119846,0.0,0.0,0.0,0.0,0.0,100000.0,0.0
2022-03-24,94.0564,29.2742,1.6498983648776928,0.0,0.0,0.2936993297119846,0.0,0.0,0.0,0.0,0.0,100000.0,0.0
2022-03-25,94.4466,29.8935,2.1545968864240734,0.0,0.0,0.2936993297119846,0.0,0.0,0.0,0.0,0.0,100000.0,0.0
2022-03-28,95.1976,29.864,1.9045286898103768,0.0,0.0,0.2936993297119846,0.0,0.0,0.0,0.0,0.0,100000.0,0.0
2022-03-29,96.2514,30.2769,2.0079283361598854,-1.0,0.0,0.2936993297119846,501.6567716308904,-1708.0623647416514,390.4569810414738,0.0,390.4569810414738,100390.45698104147,0.0039045698104147597
2022-03-30,96.963,30.2573,1.7793318931368418,-1.0,-1.0,0.2936993297119846,500.03914032983886,-1702.5545847183269,405.00511708223144,0.0,405.00511708223144,100795.4620981237,0.004034298968862204
2022-03-31,97.3041,30.1196,1.5414510517720785,-1.0,-1.0,0.2936993297119846,500.3587615787971,-1703.6428447741862,-2.6757252589792415,0.0,-2.6757252589792415,100792.78637286472,-2.654608851704321e-05
2022-04-01,99.0056,30.6209,1.5430216422671386,0.0,-1.0,0.2936993297119846,0.0,0.0,-0.0,0.0,-0.0,100792.78637286472,0.0
2022-04-04,98.1603,30.4047,1.5750856856726756,0.0,0.0,0.2936993297119846,0.0,0.0,0.0,0.0,0.0,100792.78637286472,0.0
2022-04-05,98.8091,30.5029,1.4827335605555447,1.0,0.0,0.2936993297119846,-493.4210336941871,1680.0209730749436,-305.36692030181393,0.0,-305.36692030181393,100487.41945256291,-0.0030296505463413004
2022-04-06,101.905,31.2304,1.300969805700209,1.0,1.0,0.2936993297119846,-480.21606466029385,1635.060131499845,909.1461955005368,0.0,909.1461955005368,101396.56564806345,0.009047363346112336
2022-04-07,100.815,31.4663,1.8570020750862746,1.0,1.0,0.2936993297119846,-480.8783535333673,1637.3151208923061,952.3337782584642,0.0,952.3337782584642,102348.89942632192,0.00939216996326997
2022-04-08,100.441,31.9381,2.4386456243985535,1.0,1.0,0.2936993297119846,-478.0452814193085,1627.6689561671872,321.83070667437767,0.0,321.83070667437767,102670.7301329963,0.0031444471653165884
2022-04-11,98.8975,31.6825,2.6363705398090076,1.0,1.0,0.2936993297119846,-483.62581590040855,1646.669797900713,-395.47272689004313,0.0,-395.47272689004313,102275.25740610625,-0.0038518546267057863
2022-04-12,99.7823,31.7022,2.396205372879841,1.0,1.0,0.2936993297119846,-481.4096393231501,1639.1240654013172,141.69529308848965,0.0,141.69529308848965,102416.95269919474,0.001385430813690025
2022-04-13,99.7229,31.7712,2.4826511130647333,1.0,1.0,0.2936993297119846,-481.00317322927344,1637.7401123147533,227.69735281925475,0.0,227.69735281925475,102644.650052014,0.0022232388956935356
2022-04-14,99.5168,31.8497,2.621682544918368,1.0,1.0,0.2936993297119846,-480.8616660044309,1637.258302482292,-13.430921610001889,0.0,-13.430921610001889,102631.21913040399,-0.0001308487252205115
2022-04-18,99.1433,31.7318,2.6134792445657986,1.0,1.0,0.2936993297119846,-482.6602249359642,1643.3821126159314,-542.9751306278148,0.0,-542.9751306278148,102088.24399977617,-0.005290545461979823
2022-04-19,99.9002,31.6237,2.2830782219067984,0.0,1.0,0.2936993297119846,0.0,0.0,0.0,0.0,0.0,102088.24399977617,0.0
2022-04-20,100.294,32.1937,2.737419425866218,-1.0,0.0,0.2936993297119846,476.39808962926224,-1622.060527330589,448.2297251205232,0.0,448.2297251205232,102536.47372489668,0.004390610589026345
2022-04-21,99.5951,31.7121,2.4610858874019215,-1.0,-1.0,0.2936993297119846,481.76562826092805,-1640.3361517146468,-184.93682555271687,0.0,-184.93682555271687,102351.53689934396,-0.0018036199104028983
2022-04-22,97.772,31.2894,2.5738291353998406,-1.0,-1.0,0.2936993297119846,489.45833233501673,-1666.5285985330734,249.0663129640588,0.0,249.0663129640588,102600.60321230802,0.0024334398926417755
2022-04-25,98.0129,31.2107,2.4243769668722237,-1.0,-1.0,0.2936993297119846,489.5231710910331,-1666.74936429403,153.47988447393595,0.0,153.47988447393595,102754.08309678196,0.0014958965119955536
2022-04-26,96.7871,30.7586,2.332293605233179,0.0,-1.0,0.2936993297119846,0.0,0.0,0.0,0.0,0.0,102754.08309678196,0.0
2022-04-27,97.0702,30.7979,2.2884473249917114,0.0,0.0,0.2936993297119846,0.0,0.0,0.0,0.0,0.0,102754.08309678196,0.0
2022-04-28,99.9002,30.906,1.5653782219067978,1.0,0.0,0.2936993297119846,-487.49510104279267,1659.8441049247656,225.2173221705309,0.0,225.2173221705309,102979.3004189525,0.0021918089810446517
2022-04-29,96.6602,30.0901,1.701064050173624,1.0,1.0,0.2936993297119846,-502.2292565402663,1710.0115857696237,-175.78861028550153,0.0,-175.78861028550153,102803.511808667,-0.00170702859283689
2022-05-02,95.7048,29.7067,1.5982643897804572,1.0,1.0,0.2936993297119846,-507.9973031492286,1729.6508767908824,321.442148137794,0.0,321.442148137794,103124.95395680479,0.0031267623302211334
2022-05-03,96.1432,30.0213,1.7841066036347257,1.0,1.0,0.2936993297119846,-504.1313507951244,1716.4879173864624,298.2785136091602,0.0,298.2785136091602,103423.23247041395,0.002892398999121859
2022-05-04,98.2291,30.8077,1.9578791717884947,1.0,1.0,0.2936993297119846,-492.30897569095237,1676.2345905717038,-150.98334720216252,0.0,-150.98334720216252,103272.24912321179,-0.0014598591012454643
2022-05-05,97.197,30.4145,1.867806249984234,1.0,1.0,0.2936993297119846,-498.12310611826115,1696.0307897425034,-345.1293362522787,0.0,-345.1293362522787,102927.1197869595,-0.0033419368628305746
2022-05-06,97.1871,30.2081,1.6643138733483838,1.0,1.0,0.2936993297119846,-499.89770384367927,1702.0730157399491,-988.6008740141224,0.0,-988.6008740141224,101938.51891294538,-0.009604862897750865
2022-05-09,97.9931,29.864,1.0834922136005254,1.0,1.0,0.2936993297119846,-500.81301864059265,1705.1895185859412,467.85753435202633,0.0,467.85753435202633,102406.3764472974,0.0045896049828972885
2022-05-10,97.3936,29.9623,1.3578649617628535,1.0,1.0,0.2936993297119846,-501.4780651853543,1707.4538974165428,-479.22278518445466,0.0,-479.22278518445466,101927.15366211295,-0.004679618611748038
2022-05-11,98.0816,29.8837,1.0771998229210134,1.0,1.0,0.2936993297119846,-500.42311804328557,1703.8619684083858,598.172037849374,0.0,598.172037849374,102525.32569996233,0.005868622995520045
2022-05-12,96.8529,29.8739,1.4282681893381266,1.0,1.0,0.2936993297119846,-503.6037166167562,1714.691406039686,504.331936712543,0.0,504.331936712543,103029.65763667486,0.004919096167404158
2022-05-13,97.9931,30.5029,1.722392213600525,1.0,1.0,0.2936993297119846,-495.41573380901986,1686.8126130721778,46.695295416943154,0.0,46.695295416943154,103076.3529320918,0.0004532218827864032
2022-05-16,97.6983,30.444,1.7500747759996145,0.0,1.0,0.2936993297119846,0.0,0.0,0.0,0.0,0.0,103076.3529320918,0.0
2022-05-17,98.6911,30.8372,1.8516900814615553,0.0,0.0,0.2936993297119846,0.0,0.0,-0.0,0.0,-0.0,103076.3529320918,0.0
2022-05-18,98.18,30.3133,1.4778998088773534,0.0,0.0,0.2936993297119846,0.0,0.0,-0.0,0.0,-0.0,103076.3529320918,0.0
2022-05-19,97.3542,30.3035,1.710636715353509,0.0,0.0,0.2936993297119846,0.0,0.0,0.0,0.0,0.0,103076.3529320918,0.0
2022-05-20,98.003,30.2244,1.440984590236372,0.0,0.0,0.2936993297119846,0.0,0.0,0.0,0.0,0.0,103076.3529320918,0.0
2022-05-23,98.5633,30.4814,1.5334248557987493,0.0,0.0,0.2936993297119846,0.0,0.0,0.0,0.0,0.0,103076.3529320918,0.0
2022-05-24,100.48,30.9459,1.4349913505397893,0.0,0.0,0.2936993297119846,0.0,0.0,0.0,0.0,0.0,103076.3529320918,0.0
2022-05-25,100.735,31.4697,1.8838980214632315,-1.0,0.0,0.2936993297119846,481.0366309251386,-1637.854030504141,-179.22015676323386,0.0,-179.22015676323386,102897.13277532857,-0.001738712630638961
2022-05-26,100.834,31.6082,1.9933217878217455,-1.0,-1.0,0.2936993297119846,479.71996555632694,-1633.370992118923,-243.4221808870007,0.0,-243.4221808870007,102653.71059444157,-0.002365684779754851
2022-05-27,101.807,32.043,2.142352340011982,-1.0,-1.0,0.2936993297119846,474.1395458725903,-1614.3705412523545,-126.99782596924501,0.0,-126.99782596924501,102526.71276847232,-0.0012371479339016167
2022-05-31,100.294,31.6773,2.221019425866217,-1.0,-1.0,0.2936993297119846,480.4222604887823,-1635.7621958480702,-11.870245394499628,0.0,-11.870245394499628,102514.84252307782,-0.00011577709919663448
2022-06-01,100.303,31.6872,2.2282761318988094,-1.0,-1.0,0.2936993297119846,480.32370840958924,-1635.4266415269565,34.82765530047345,0.0,34.82765530047345,102549.67017837829,0.00033973280788712756
2022-06-02,100.51,31.7267,2.2069803706484272,-1.0,-1.0,0.2936993297119846,479.53714109229804,-1632.7485035888735,551.8118454115905,0.0,551.8118454115905,103101.48202378988,0.005380922673390964
2022-06-03,100.214,31.3018,1.869015372243176,-1.0,-1.0,0.2936993297119846,483.57839526206055,-1646.5083380894343,264.2863665280526,0.0,264.2863665280526,103365.76839031793,0.0025633614700810714
2022-06-06,100.323,31.1733,1.7085021453045712,0.0,-1.0,0.2936993297119846,0.0,0.0,0.0,0.0,0.0,103365.76839031793,0.0
2022-06-07,100.687,31.6971,2.1253955892894076,-1.0,0.0,0.2936993297119846,479.36194044720435,-1632.1519729625848,330.5765211400675,0.0,330.5765211400675,103696.344911458,0.0031981237723865963
2022-06-08,98.8189,30.9459,1.9228553071243688,-1.0,-1.0,0.2936993297119846,489.75237302596105,-1667.5297608143517,60.76364336124311,0.0,60.76364336124311,103757.10855481925,0.00058597671319216
2022-06-09,96.5875,30.2541,1.8864159914436875,0.0,-1.0,0.2936993297119846,0.0,0.0,0.0,0.0,0.0,103757.10855481925,0.0
2022-06-10,96.5875,29.7698,1.4021159914436865,1.0,0.0,0.2936993297119846,-505.1806673793447,1720.060675231192,90.93059634965766,0.0,90.93059634965766,103848.03915116891,0.0008763794367074862
2022-06-13,91.4269,28.307,1.454980752355354,1.0,1.0,0.2936993297119846,-532.4593035154915,1812.9401386024483,-518.3692299982654,0.0,-518.3692299982654,103329.66992117064,-0.004991613074597279
2022-06-14,88.9006,27.2791,1.1690533690067433,1.0,1.0,0.2936993297119846,-550.1105528843336,1873.0398650340742,848.957357470392,0.0,848.957357470392,104178.62727864104,0.008216007639606948
2022-06-15,89.1071,27.793,1.6223044574212153,1.0,1.0,0.2936993297119846,-544.2535518721991,1853.0976982682248,-464.1689555892631,0.0,-464.1689555892631,103714.45832305177,-0.004455510383600814
2022-06-16,87.6719,27.121,1.3718217354238575,1.0,1.0,0.2936993297119846,-555.5103828896446,1891.4254364638975,351.0093632775201,0.0,351.0093632775201,104065.4676863293,0.003384382167664457
2022-06-17,86.9052,27.0814,1.5574010115140382,1.0,1.0,0.2936993297119846,-558.3064388053938,1900.945566858785,-187.43712093046713,0.0,-187.43712093046713,103878.03056539883,-0.0018011461928507666
2022-06-21,88.419,27.4274,1.458798966196035,1.0,1.0,0.2936993297119846,-550.0399356237357,1872.799424374345,-102.0878376595848,0.0,-102.0878376595848,103775.94272773925,-0.000982766395395851
2022-06-22,88.7728,27.4768,1.4042881433439334,1.0,1.0,0.2936993297119846,-548.4651800907847,1867.4376295943046,-301.7471573808192,0.0,-301.7471573808192,103474.19557035844,-0.002907679269871455
2022-06-23,90.8371,27.9215,1.2427046170194842,1.0,1.0,0.2936993297119846,-537.9079502260967,1831.4919232318116,456.8837810970033,0.0,456.8837810970033,103931.07935145544,0.0044154368978528424
2022-06-24,92.0068,28.5145,1.4921645110553783,1.0,1.0,0.2936993297119846,-528.836991028143,1800.606734604214,-468.1634062604562,0.0,-468.1634062604562,103462.91594519498,-0.0045045563769938735
2022-06-27,93.3633,28.6529,1.2321613703010676,1.0,1.0,0.2936993297119846,-523.7743383330741,1783.3691988562312,124.65748195502334,0.0,124.65748195502334,103587.57342715001,0.001204851813968455
2022-06-28,93.4617,28.7517,1.3020613562574113,1.0,1.0,0.2936993297119846,-522.5842245034938,1779.3170485474534,-96.26871934649307,0.0,-96.26871934649307,103491.30470780352,-0.000929346215588267
2022-06-29,93.7467,28.7813,1.2479570472894963,1.0,1.0,0.2936993297119846,-521.5327920282027,1775.7370864265927,515.212829824769,0.0,515.212829824769,104006.51753762829,0.0049783199784698695
2022-06-30,94.307,29.236,1.5380973128518676,1.0,1.0,0.2936993297119846,-515.8601744304492,1756.4227161714193,578.0542854466077,0.0,578.0542854466077,104584.57182307489,0.00555786597928809
2022-07-01,96.2828,30.1454,1.8672061772069313,1.0,1.0,0.2936993297119846,-502.7067157197069,1711.6372591407846,-226.0818800189404,0.0,-226.0818800189404,104358.48994305595,-0.0021617134925159265
2022-07-05,91.9872,28.7517,1.7351210179177308,1.0,1.0,0.2936993297119846,-526.6422688179905,1793.1340508486714,-188.5186490287067,0.0,-188.5186490287067,104169.97129402724,-0.0018064524422648498
2022-07-06,93.1865,28.9988,1.629987411794147,1.0,1.0,0.2936993297119846,-521.0426985042066,1774.0683951004096,90.98273467308407,0.0,90.98273467308407,104260.95402870033,0.0008734065445432648
2022-07-07,92.9111,28.9692,1.6812722071968267,1.0,1.0,0.2936993297119846,-522.0659874312971,1777.552532868426,197.76233837569652,0.0,197.76233837569652,104458.71636707603,0.001896801542035309
2022-07-08,92.7342,29.0285,1.7925276186228807,1.0,1.0,0.2936993297119846,-521.9978385671233,1777.3204967100844,-62.79340595044374,0.0,-62.79340595044374,104395.92296112559,-0.0006011313189967504
2022-07-11,93.3928,29.1866,1.7571972400745643,1.0,1.0,0.2936993297119846,-518.7567390749707,1766.2850629713319,169.32712245391158,0.0,169.32712245391158,104565.25008357949,0.001621970644552384
2022-07-12,92.7637,29.0977,1.8530634883963764,1.0,1.0,0.2936993297119846,-521.2764466228653,1774.8642706609292,-390.71911680605456,0.0,-390.71911680605456,104174.53096677344,-0.0037366057700215505
2022-07-13,92.3018,28.7419,1.6329232087903414,1.0,1.0,0.2936993297119846,-525.8634180622386,1790.4821865883214,-120.65894065585186,0.0,-120.65894065585186,104053.87202611759,-0.0011582383864472412
2022-07-14,92.6654,28.7813,1.5655341325070644,0.0,1.0,0.2936993297119846,0.0,0.0,0.0,0.0,0.0,104053.87202611759,0.0
2022-07-15,93.5993,29.2657,1.7756483284890408,-1.0,0.0,0.2936993297119846,517.4794114468746,-1761.9359634029104,-853.8204795277004,0.0,-853.8204795277004,103200.0515465899,-0.008205561820067486
2022-07-18,91.7808,29.2162,2.260240559570285,-1.0,-1.0,0.2936993297119846,522.8556862291385,-1780.2413330050001,-221.46594710889775,0.0,-221.46594710889775,102978.585599481,-0.0021459867876996164
2022-07-19,91.997,29.4041,2.3846427644865535,-1.0,-1.0,0.2936993297119846,520.5260782939929,-1772.3093845819985,197.82643160950522,0.0,197.82643160950522,103176.4120310905,0.001921044365271296
2022-07-20,91.1319,29.0384,2.273022054620391,0.0,-1.0,0.2936993297119846,0.0,0.0,0.0,0.0,0.0,103176.4120310905,0.0
2022-07-21,91.2106,28.979,2.190507917372056,0.0,0.0,0.2936993297119846,0.0,0.0,0.0,0.0,0.0,103176.4120310905,0.0
2022-07-22,92.7441,29.3547,2.115819995258729,0.0,0.0,0.2936993297119846,0.0,0.0,0.0,0.0,0.0,103176.4120310905,0.0
2022-07-25,94.1694,29.75,2.0925103406202403,0.0,0.0,0.2936993297119846,0.0,0.0,0.0,0.0,0.0,103176.4120310905,0.0
2022-07-26,94.7788,30.1454,2.3089299690937537,-1.0,0.0,0.2936993297119846,506.53649072621005,-1724.6770403696312,-149.93440930907695,0.0,-149.93440930907695,103026.47762178142,-0.0014531849514586304
2022-07-27,94.651,30.1948,2.3958647434309484,-1.0,-1.0,0.2936993297119846,506.43285591561676,-1724.324180147938,-956.8576569168216,0.0,-956.8576569168216,102069.6199648646,-0.009287492681536946
2022-07-28,95.9584,31.1337,2.9507822397654984,-1.0,-1.0,0.2936993297119846,495.1383622362886,-1685.8682065152977,140.73321070211102,0.0,140.73321070211102,102210.3531755667,0.001378796264261073
2022-07-29,96.8824,31.3216,2.8673040591116212,-1.0,-1.0,0.2936993297119846,491.3340487651078,-1672.9151178074976,360.1712710822844,0.0,360.1712710822844,102570.524446649,0.0035238237604326983
2022-08-01,97.4132,31.2622,2.6520084549005,-1.0,-1.0,0.2936993297119846,490.5421716631321,-1670.2189008881323,-424.17922813473683,0.0,-424.17922813473683,102146.34521851427,-0.004135488537502452
2022-08-02,96.7841,31.3314,2.905974703222313,-1.0,-1.0,0.2936993297119846,491.49085188737763,-1673.449007763677,562.3478385525864,0.0,562.3478385525864,102708.69305706685,0.005505315313529824
2022-08-03,97.8949,31.3216,2.5699334877782363,-1.0,-1.0,0.2936993297119846,488.9018805931457,-1664.6339679174137,666.7039202381587,0.0,666.7039202381587,103375.396977305,0.006491212188511897
2022-08-04,98.2487,31.025,2.169422664926138,-1.0,-1.0,0.2936993297119846,490.4751136057535,-1669.990578755275,-368.30906949207395,0.0,-368.30906949207395,103007.08790781294,-0.003562831004875644
2022-08-05,97.7671,31.1041,2.3899682621154312,-1.0,-1.0,0.2936993297119846,490.9863116631991,-1671.7311276967619,117.4898847469083,0.0,117.4898847469083,103124.57779255984,0.0011406000027109897
2022-08-08,98.3765,31.2128,2.319687890588952,-1.0,-1.0,0.2936993297119846,488.6363410929734,-1663.729847705656,-207.4130463729539,0.0,-207.4130463729539,102917.16474618689,-0.002011286259907652
2022-08-09,99.6347,31.707,2.4443553939453295,-1.0,-1.0,0.2936993297119846,481.7140260693243,-1640.1604543725578,383.92990459700695,0.0,383.92990459700695,103301.0946507839,0.0037304749459805553
2022-08-10,100.398,31.6971,2.210274695576171,-1.0,-1.0,0.2936993297119846,480.02694866448695,-1634.4162212941515,191.84090034436855,0.0,191.84090034436855,103492.93555112826,0.0018571042348862754
2022-08-11,100.259,31.5389,2.0928989024061373,-1.0,-1.0,0.2936993297119846,481.5935164705422,-1639.7501381525642,274.6507475281268,0.0,274.6507475281268,103767.58629865639,0.002653811548252394
2022-08-12,102.815,32.1221,1.9254034156623092,-1.0,-1.0,0.2936993297119846,471.28530364753345,-1604.6522956306983,62.94983860010325,0.0,62.94983860010325,103830.5361372565,0.0006066426024300409
2022-08-15,103.588,32.3099,1.8861738337949419,-1.0,-1.0,0.2936993297119846,468.1689034424125,-1594.0414433411238,-266.8046530548729,0.0,-266.8046530548729,103563.73148420162,-0.0025696164440697222
2022-08-16,103.489,32.4482,2.0535500674364258,-1.0,-1.0,0.2936993297119846,467.355204334546,-1591.270925925696,161.05696443710417,0.0,161.05696443710417,103724.78844863872,0.0015551483335811689
2022-08-17,103.36,32.3091,1.9523372809692745,-1.0,-1.0,0.2936993297119846,468.6751557683292,-1595.7651528450342,-108.58499857620815,0.0,-108.58499857620815,103616.20345006252,-0.001046856785154815
2022-08-18,103.399,32.3886,2.020383007110503,-1.0,-1.0,0.2936993297119846,467.99589874875505,-1593.4523895839118,169.44792037383928,0.0,169.44792037383928,103785.65137043636,0.0016353419130581415
2022-08-19,103.964,32.4482,1.9140428858232355,-1.0,-1.0,0.2936993297119846,466.320003202731,-1587.746228975144,271.2693268162426,0.0,271.2693268162426,104056.9206972526,0.002613745958466085
2022-08-22,102.448,31.8321,1.7431910696666044,-1.0,-1.0,0.2936993297119846,474.31289442073245,-1614.9607657799766,-140.77714542021985,0.0,-140.77714542021985,103916.14355183239,-0.0013528859443169283
2022-08-23,101.745,31.7128,1.8303616984541264,-1.0,-1.0,0.2936993297119846,476.8214845994248,-1623.5021205769126,-599.9619181263952,0.0,-599.9619181263952,103316.18163370599,-0.005773519855720388
2022-08-24,101.705,32.0706,2.199909671642608,-1.0,-1.0,0.2936993297119846,474.1575904458127,-1614.4319801846125,178.07398074795455,0.0,178.07398074795455,103494.25561445394,0.00172358267535766
2022-08-25,102.419,32.17,2.0896083502282536,0.0,-1.0,0.2936993297119846,0.0,0.0,-0.0,0.0,-0.0,103494.25561445394,0.0
2022-08-26,100.873,31.5538,1.927467513962977,0.0,0.0,0.2936993297119846,0.0,0.0,0.0,0.0,0.0,103494.25561445394,0.0
2022-08-29,101.973,31.8917,1.9422982512797944,0.0,0.0,0.2936993297119846,0.0,0.0,-0.0,0.0,-0.0,103494.25561445394,0.0
2022-08-30,100.398,31.4544,1.9675746955761717,0.0,0.0,0.2936993297119846,0.0,0.0,-0.0,0.0,-0.0,103494.25561445394,0.0
2022-08-31,99.2682,31.3352,2.180196198284772,-1.0,0.0,0.2936993297119846,485.53205519809575,-1653.160242736105,358.62304749879786,0.0,358.62304749879786,103852.87866195274,0.0034651493009889567
2022-09-01,101.428,31.7526,1.9632643859728276,-1.0,-1.0,0.2936993297119846,477.2344691170911,-1624.9082678707157,-335.2961542614867,0.0,-335.2961542614867,103517.58250769124,-0.0032285687077862057
2022-09-02,100.15,31.5836,2.169612129344742,-1.0,-1.0,0.2936993297119846,481.4933507449031,-1639.4090896192313,354.70892407184994,0.0,354.70892407184994,103872.2914317631,0.0034265572618592532
2022-09-06,100.616,31.5041,1.953248241698958,-1.0,-1.0,0.2936993297119846,481.04096597218773,-1637.8687906571636,-63.62647138110924,0.0,-63.62647138110924,103808.66496038198,-0.000612545179316748
2022-09-07,103.766,32.4681,1.9920953531062047,0.0,-1.0,0.2936993297119846,0.0,0.0,0.0,0.0,0.0,103808.66496038198,0.0
2022-09-08,103.013,32.4979,2.243050948379331,-1.0,0.0,0.2936993297119846,468.02623654046823,-1593.5556849906222,100.78381638666085,0.0,100.78381638666085,103909.44877676864,0.0009708613093628582
2022-09-09,103.736,32.647,2.1798063329975648,-1.0,-1.0,0.2936993297119846,465.34592719598896,-1584.4296534565779,-176.87956681063147,0.0,-176.87956681063147,103732.569209958,-0.0017022471863037403
2022-09-12,104.202,32.8955,2.2914424453517803,-1.0,-1.0,0.2936993297119846,462.5218521549928,-1574.8141223494229,-191.49806076228356,0.0,-191.49806076228356,103541.07114919572,-0.001846074595671987
2022-09-13,101.25,32.1501,2.413042866661563,-1.0,-1.0,0.2936993297119846,474.5723399108433,-1615.844136846452,-115.99731943534346,0.0,-115.99731943534346,103425.07382976038,-0.0011203024862297406
2022-09-14,102.359,32.5476,2.484830310010974,-1.0,-1.0,0.2936993297119846,469.0905534757529,-1597.1795166702125,-549.8666009202511,0.0,-549.8666009202511,102875.20722884013,-0.005316569576013563
2022-09-15,99.2583,31.9812,2.8291038216489177,-1.0,-1.0,0.2936993297119846,480.4244954421274,-1635.7698055125095,308.60264195979533,0.0,308.60264195979533,103183.80987079992,0.0029997766252205516
2022-09-16,99.4267,31.842,2.6404448545254198,-1.0,-1.0,0.2936993297119846,481.13077459538783,-1638.1745748865255,-326.1495628008827,0.0,-326.1495628008827,102857.66030799903,-0.0031608598597906434
2022-09-19,100.17,32.2594,2.839538142750502,-1.0,-1.0,0.2936993297119846,476.1719269464061,-1621.2904789853035,120.3295960578264,0.0,120.3295960578264,102977.98990405686,0.001169865187459207
2022-09-20,98.8323,31.7923,2.7653197361062247,-1.0,-1.0,0.2936993297119846,482.9049742739941,-1644.215445597215,-504.0696114788309,0.0,-504.0696114788309,102473.92029257803,-0.004894925721005694
2022-09-21,97.6533,31.7526,3.0718912458366567,-1.0,-1.0,0.2936993297119846,485.9891602273906,-1654.7166134290278,626.1365990960797,0.0,626.1365990960797,103100.0568916741,0.006110204404285113
2022-09-22,97.9604,31.4644,2.6934961816821037,-1.0,-1.0,0.2936993297119846,487.5866993181313,-1660.1559826380326,-385.66091353567435,0.0,-385.66091353567435,102714.39597813843,-0.0037406469517362595
2022-09-23,96.831,31.365,2.9258002046588167,-1.0,-1.0,0.2936993297119846,491.1015124641198,-1672.1233682954507,718.3112433125505,0.0,718.3112433125505,103432.70722145098,0.006993286933853371
2022-09-26,94.7407,30.3215,2.4962199135557803,-1.0,-1.0,0.2936993297119846,505.09990282412014,-1719.785684630077,-326.4137244511858,0.0,-326.4137244511858,103106.2934969998,-0.003155807608828498
2022-09-27,91.9964,29.7053,2.6860189840843844,-1.0,-1.0,0.2936993297119846,517.7637709295363,-1762.904162693459,-96.46526050035305,0.0,-96.46526050035305,103009.82823649945,-0.0009355904206095333
2022-09-28,92.6899,29.9637,2.740738498929119,-1.0,-1.0,0.2936993297119846,513.5801286572478,-1748.6595191105428,-7.927300363154245,0.0,-7.927300363154245,103001.9009361363,-7.69567380012326e-05
2022-09-29,88.2417,28.6618,2.74527185735397,-1.0,-1.0,0.2936993297119846,538.1244528860823,-1832.2290807193617,-195.05058831257293,0.0,-195.05058831257293,102806.85034782373,-0.00189366008335623
2022-09-30,85.646,28.0059,2.851727207487368,-1.0,-1.0,0.2936993297119846,552.4810525717543,-1881.111043438687,-259.5203971811479,0.0,-259.5203971811479,102547.32995064258,-0.0025243492656676914
2022-10-03,87.4095,28.6618,2.9896884395402843,-1.0,-1.0,0.2936993297119846,540.5451609814113,-1840.4712108519122,222.24014962417618,0.0,222.24014962417618,102769.57010026676,0.0021671958668367797
2022-10-04,89.8169,29.2481,2.8689366731916515,-1.0,-1.0,0.2936993297119846,527.9773121077532,-1797.6796631627064,-440.7430272814461,0.0,-440.7430272814461,102328.82707298531,-0.004288653021039646
2022-10-05,86.8844,28.632,3.1141099575720474,-1.0,-1.0,0.2936993297119846,542.3821349994671,-1846.7258183100132,983.7914867302907,0.0,983.7914867302907,103312.6185597156,0.009614020944739288
2022-10-06,83.7241,27.1711,2.5813879492608294,-1.0,-1.0,0.2936993297119846,567.4163871773925,-1931.9635074885182,163.28603829450583,0.0,163.28603829450583,103475.90459801011,0.0015805043040326705
2022-10-07,82.2182,26.6443,2.4968697698741096,-1.0,-1.0,0.2936993297119846,578.2424193491717,-1968.8244434068797,1051.5623470110143,0.0,1051.5623470110143,104527.46694502112,0.010162388539594724
2022-10-10,83.6646,26.535,1.9627630593786947,-1.0,-1.0,0.2936993297119846,574.6726829572448,-1956.670052739977,433.61430662086195,0.0,433.61430662086195,104961.08125164198,0.004148328848808003
2022-10-11,84.0807,26.4356,1.74115476828554,-1.0,-1.0,0.2936993297119846,574.4163307131431,-1955.7972136893973,259.66679257650617,0.0,259.66679257650617,105220.74804421849,0.002473934047553916
2022-10-12,80.9798,25.3921,1.6083870197894292,-1.0,-1.0,0.2936993297119846,597.2434656650734,-2033.5200160339436,788.3217739228058,0.0,788.3217739228058,106009.0698181413,0.007492075361330119
2022-10-13,83.9916,25.889,1.220723378562873,-1.0,-1.0,0.2936993297119846,580.923952670843,-1977.9546423906531,-391.0908310192309,0.0,-391.0908310192309,105617.97898712207,-0.00368922047604181
2022-10-14,82.7433,25.7201,1.4184482518423422,-1.0,-1.0,0.2936993297119846,587.1432315898489,-1999.1303084199383,154.91149603787528,0.0,154.91149603787528,105772.89048315995,0.001466715208182201
2022-10-17,84.2591,26.0878,1.3409588078649186,-1.0,-1.0,0.2936993297119846,577.7543085273601,-1967.1625028696292,-512.3276565898873,0.0,-512.3276565898873,105260.56282657007,-0.004843657521786726
2022-10-18,85.7748,26.7934,1.6013987338204636,-1.0,-1.0,0.2936993297119846,564.9650143280868,-1923.616968694202,-457.1203890054308,0.0,-457.1203890054308,104803.44243756463,-0.004342750758026925
2022-10-19,85.1012,26.8332,1.839034602314456,-1.0,-1.0,0.2936993297119846,566.6877477918265,-1929.4826050421946,-338.84219360053146,0.0,-338.84219360053146,104464.6002439641,-0.003233120837632719
2022-10-20,83.1495,26.4356,2.0146475841133373,-1.0,-1.0,0.2936993297119846,577.5053867399754,-1966.3149633548853,171.36122478034724,0.0,171.36122478034724,104635.96146874446,0.0016403760161831649
2022-10-21,84.8337,26.8431,1.9274991730124142,-1.0,-1.0,0.2936993297119846,567.4395319421278,-1932.0423117702917,-176.12342312314016,0.0,-176.12342312314016,104459.83804562132,-0.0016832016512386971
2022-10-24,85.2002,27.0419,2.0186583686729698,-1.0,-1.0,0.2936993297119846,564.0997421877154,-1920.6708532188281,-46.141779717592726,0.0,-46.141779717592726,104413.69626590372,-0.00044171789446434406
2022-10-25,86.607,27.4791,2.04268215163415,-1.0,-1.0,0.2936993297119846,555.034405131603,-1889.8048070994778,110.2188402645421,0.0,110.2188402645421,104523.91510616826,0.0010555975337167567
2022-10-26,86.6367,27.4295,1.9843592815417033,-1.0,-1.0,0.2936993297119846,555.4634995551951,-1891.265806087841,-881.3964396401013,0.0,-881.3964396401013,103642.51866652817,-0.00843248589325074
2022-10-27,86.3693,27.817,2.4503944823066917,-1.0,-1.0,0.2936993297119846,552.2365903046489,-1880.2786878887264,-317.8931975722958,0.0,-317.8931975722958,103324.62546895587,-0.0030672083394183147
2022-10-28,88.5686,28.632,2.619461546471122,-1.0,-1.0,0.2936993297119846,537.4724318730481,-1830.009051774544,-424.2362801194803,0.0,-424.2362801194803,102900.38918883639,-0.004105858387523975
2022-10-31,87.1024,28.4332,2.8512835036948303,-1.0,-1.0,0.2936993297119846,543.7354369717498,-1851.3335985647716,806.9639264311593,0.0,806.9639264311593,103707.35311526754,0.007842185367737287
2022-11-01,87.7067,28.1748,2.4154009987498846,-1.0,-1.0,0.2936993297119846,544.5512034121004,-1854.1111549219845,269.58277896726486,0.0,269.58277896726486,103976.9358942348,0.0025994567489118214
2022-11-02,87.3897,27.9363,2.270003686268577,-1.0,-1.0,0.2936993297119846,547.9199701316471,-1865.581275479802,440.55031687598307,0.0,440.55031687598307,104417.4862111108,0.004237000379816225
2022-11-03,87.8553,27.8369,2.033857278354681,-1.0,-1.0,0.2936993297119846,547.5384849608874,-1864.282378505356,-388.04161680983736,0.0,-388.04161680983736,104029.44459430096,-0.0037162512802241254
2022-11-04,88.737,28.304,2.2420025793476235,-1.0,-1.0,0.2936993297119846,540.2261406877363,-1839.3849969542237,201.74386154886304,0.0,201.74386154886304,104231.18845584983,0.0019392957670363309
2022-11-07,87.1816,27.7375,2.1323225167816453,-1.0,-1.0,0.2936993297119846,550.5897783334603,-1874.6715522755692,234.55374911520914,0.0,234.55374911520914,104465.74220496503,0.0022503221213348024
2022-11-08,88.42,27.9761,2.007205266866322,-1.0,-1.0,0.2936993297119846,544.442225205355,-1853.7401012772511,-400.25881714392426,0.0,-400.25881714392426,104065.4833878211,-0.003831483974512939
2022-11-09,87.82,28.0158,2.2231248646935136,-1.0,-1.0,0.2936993297119846,545.8235509804914,-1858.4432981707914,-62.400333148019854,0.0,-62.400333148019854,104003.08305467309,-0.0005996256502790454
2022-11-10,91.8,29.2183,2.2567015324398163,0.0,-1.0,0.2936993297119846,0.0,0.0,-0.0,0.0,-0.0,104003.08305467309,0.0
2022-11-11,89.98,28.95,2.5229343125156234,-1.0,0.0,0.2936993297119846,530.3627522798897,-1805.8017115666844,-700.0788330094583,0.0,-700.0788330094583,103303.00422166364,-0.00673132769190532
2022-11-14,88.66,28.95,2.9106174277354455,-1.0,-1.0,0.2936993297119846,534.1018865342201,-1818.5328752979638,299.09705645916443,0.0,299.09705645916443,103602.1012781228,0.0028953374465023884
2022-11-15,89.22,28.95,2.7461458030967343,-1.0,-1.0,0.2936993297119846,532.509167289482,-1813.1099169061283,-611.519092293478,0.0,-611.519092293478,102990.58218582932,-0.005902574221461454
2022-11-16,89.74,29.44,3.0834221516465057,-1.0,-1.0,0.2936993297119846,526.3751667892861,-1792.2246104731478,95.38479086946433,0.0,95.38479086946433,103085.96697669878,0.0009261506134352615
2022-11-17,89.07,29.19,3.030200702553536,-1.0,-1.0,0.2936993297119846,530.6240193097399,-1806.6912846893276,305.4672660236513,0.0,305.4672660236513,103391.43424272243,0.0029632284100580275
2022-11-18,91.28,29.67,2.8611251838900493,-1.0,-1.0,0.2936993297119846,520.0162550480029,-1770.5735166571724,565.1984881086237,0.0,565.1984881086237,103956.63273083106,0.005466589106228659
2022-11-21,93.15,29.9,2.541907437328632,-1.0,-1.0,0.2936993297119846,512.9394231750184,-1746.4780177674595,-673.3168327940998,0.0,-673.3168327940998,103283.31589803696,-0.006476901137587587
2022-11-22,93.71,30.45,2.927435812689925,-1.0,-1.0,0.2936993297119846,506.6178007290456,-1724.9538881340277,98.4138773069966,0.0,98.4138773069966,103381.72977534396,0.0009528535799929738
2022-11-23,95.13,30.81,2.870382764498906,-1.0,-1.0,0.2936993297119846,499.9170097307606,-1702.1387492474116,-221.52012901844506,0.0,-221.52012901844506,103160.20964632551,-0.002142739626236012
2022-11-25,95.47,31.04,3.00052499239683,-1.0,-1.0,0.2936993297119846,497.12582868108984,-1692.635217004393,180.3928818905178,0.0,180.3928818905178,103340.60252821603,0.0017486672672435422
2022-11-28,95.22,30.86,2.8939498248248263,-1.0,-1.0,0.2936993297119846,499.2674654126734,-1699.927153059146,191.39714757134237,0.0,191.39714757134237,103531.99967578737,0.0018521001705895657
2022-11-29,94.65,30.58,2.7813584427606557,-1.0,-1.0,0.2936993297119846,503.0938060181086,-1712.9552406928067,173.78540537173956,0.0,173.78540537173956,103705.78508115912,0.0016785670702388344
2022-11-30,96.8,31.11,2.6799048838798925,0.0,-1.0,0.2936993297119846,0.0,0.0,-0.0,0.0,-0.0,103705.78508115912,0.0
2022-12-01,96.48,31.03,2.693888669387725,0.0,0.0,0.2936993297119846,0.0,0.0,-0.0,0.0,-0.0,103705.78508115912,0.0
2022-12-02,95.12,30.67,2.733319757796025,0.0,0.0,0.2936993297119846,0.0,0.0,-0.0,0.0,-0.0,103705.78508115912,0.0
2022-12-05,94.52,30.45,2.689539355623218,0.0,0.0,0.2936993297119846,0.0,0.0,0.0,0.0,0.0,103705.78508115912,0.0
2022-12-06,96.37,30.82,2.5161955956560433,1.0,0.0,0.2936993297119846,-496.753097455288,1691.366125834974,-876.3133633456232,0.0,-876.3133633456232,102829.4717178135,-0.008449994980123998
2022-12-07,96.67,30.39,1.9980857967424512,1.0,1.0,0.2936993297119846,-499.64233675076287,1701.2035309741282,-592.6725948272633,0.0,-592.6725948272633,102236.79912298624,-0.005763645236393833
2022-12-08,97.72,30.35,1.649701500544868,1.0,1.0,0.2936993297119846,-497.3714564960151,1693.471541061265,736.3506145115805,0.0,736.3506145115805,102973.14973749782,0.007202402861085089
2022-12-09,96.58,30.45,2.084518736416527,1.0,1.0,0.2936993297119846,-499.35718182048294,1700.2326233096144,-31.603379132962914,0.0,-31.603379132962914,102941.54635836485,-0.0003069089293037397
2022-12-12,98.55,31.01,2.0659310568839224,1.0,1.0,0.2936993297119846,-489.87388994505784,1667.943506801501,-201.08552297631013,0.0,-201.08552297631013,102740.46083538854,-0.0019533952042675162
2022-12-13,98.62,30.91,1.945372103804079,1.0,1.0,0.2936993297119846,-490.5238496365578,1670.1565172708724,130.57436114359072,0.0,130.57436114359072,102871.03519653213,0.0012709146920490966
2022-12-14,98.49,30.95,2.0235530166666393,1.0,1.0,0.2936993297119846,-490.5089471887601,1670.1057767812283,897.8522772211867,0.0,897.8522772211867,103768.88747375332,0.008727940527728295
2022-12-15,95.57,30.63,2.5611550594256336,1.0,1.0,0.2936993297119846,-500.34941915691945,1703.6110352978526,-555.8894227277448,0.0,-555.8894227277448,103212.99805102557,-0.005356995109621399
2022-12-16,94.57,30.01,2.2348543891376202,1.0,1.0,0.2936993297119846,-508.2609494312243,1730.548550892673,237.79228464901223,0.0,237.79228464901223,103450.79033567458,0.0023038986284600327
2022-12-19,94.0,29.98,2.3722630070734496,0.0,1.0,0.2936993297119846,0.0,0.0,-0.0,0.0,-0.0,103450.79033567458,0.0
2022-12-20,93.67,29.97,2.459183785878402,0.0,0.0,0.2936993297119846,0.0,0.0,0.0,0.0,0.0,103450.79033567458,0.0
2022-12-21,95.34,30.53,2.5287059052593897,0.0,0.0,0.2936993297119846,0.0,0.0,-0.0,0.0,-0.0,103450.79033567458,0.0
2022-12-22,94.47,30.31,2.5642243221088137,0.0,0.0,0.2936993297119846,0.0,0.0,0.0,0.0,0.0,103450.79033567458,0.0
2022-12-23,95.69,30.69,2.5859111398601975,-1.0,0.0,0.2936993297119846,499.53887441072624,-1700.8512579875398,-91.47246469069489,0.0,-91.47246469069489,103359.31787098388,-0.0008842123331671559
2022-12-27,96.29,30.92,2.6396915420330025,-1.0,-1.0,0.2936993297119846,496.1111476649062,-1689.1803878184405,214.28878779901368,0.0,214.28878779901368,103573.6066587829,0.0020732411185848676
2022-12-28,95.36,30.52,2.5128319186651495,-1.0,-1.0,0.2936993297119846,501.8170865602662,-1708.608211848395,394.5254347381102,0.0,394.5254347381102,103968.13209352101,0.0038091309887262614
2022-12-29,96.01,30.48,2.2819273543523586,-1.0,-1.0,0.2936993297119846,500.5265450445385,-1704.2141210719767,304.50678157806,0.0,304.50678157806,104272.63887509907,0.0029288472866295656
2022-12-30,94.95,29.99,2.10324864384706,-1.0,-1.0,0.2936993297119846,507.45648784719,-1727.809485792241,702.3615598628888,0.0,702.3615598628888,104975.00043496196,0.006735818402986649
2023-01-03,94.87,29.56,1.696744590224018,-1.0,-1.0,0.2936993297119846,511.4640882271959,-1741.4547344345717,175.72073124856175,0.0,175.72073124856175,105150.72116621051,0.00167392932146182
2023-01-04,95.52,29.65,1.595840025911233,-1.0,-1.0,0.2936993297119846,508.9742747210359,-1732.9773112528383,275.47956052479856,0.0,275.47956052479856,105426.2007267353,0.0026198542194431074
2023-01-05,93.78,28.98,1.4368768596100843,-1.0,-1.0,0.2936993297119846,519.6091677073571,-1769.1874483231213,-357.954111611117,0.0,-357.954111611117,105068.24661512418,-0.0033953050488743086
2023-01-06,96.53,29.99,1.639203702902126,-1.0,-1.0,0.2936993297119846,503.42015939640936,-1714.0664225896835,-107.89525650014673,0.0,-107.89525650014673,104960.35135862403,-0.0010269064153642926
2023-01-09,97.95,30.47,1.702150654711108,-1.0,-1.0,0.2936993297119846,495.7967464349583,-1688.109901105869,-484.1137112109509,0.0,-484.1137112109509,104476.23764741307,-0.004612348424376522
2023-01-10,97.28,30.56,1.9889292056181382,0.0,-1.0,0.2936993297119846,0.0,0.0,0.0,0.0,0.0,104476.23764741307,0.0
2023-01-11,97.63,31.15,2.476134440218946,-1.0,0.0,0.2936993297119846,490.94007377122,-1671.5736949507477,-465.2209944048309,0.0,-465.2209944048309,104011.01665300824,-0.0044528880909252555
2023-01-12,96.41,31.07,2.7544476224675662,-1.0,-1.0,0.2936993297119846,494.563606725162,-1683.9112544456755,-1180.6035636254605,0.0,-1180.6035636254605,102830.41308938277,-0.011350754964390752
2023-01-13,94.84,31.31,3.4555555701153793,-1.0,-1.0,0.2936993297119846,496.41187801576615,-1690.2043273390207,398.67523284828883,0.0,398.67523284828883,103229.08832223105,0.003877016739218364
2023-01-17,94.86,31.08,3.2196815835211403,-1.0,-1.0,0.2936993297119846,498.2995301054745,-1696.6314856561999,-30.226142451417672,0.0,-30.226142451417672,103198.86217977964,-0.0002928064457671242
2023-01-18,92.45,30.39,3.237496968127026,-1.0,-1.0,0.2936993297119846,510.4041608153604,-1737.8458483915738,-227.3683685455272,0.0,-227.3683685455272,102971.4938112341,-0.002203206156957793
2023-01-19,91.63,30.28,3.368330418490853,0.0,-1.0,0.2936993297119846,0.0,0.0,0.0,0.0,0.0,102971.4938112341,0.0
2023-01-20,92.17,30.11,3.0397327804463785,1.0,0.0,0.2936993297119846,-513.6375606365649,1748.8550659623982,-444.05646196777695,0.0,-444.05646196777695,102527.43734926633,-0.004312421287990809
2023-01-23,92.66,30.0,2.78582010888751,0.0,1.0,0.2936993297119846,0.0,0.0,0.0,0.0,0.0,102527.43734926633,0.0
2023-01-24,92.7,30.19,2.9640721356990305,-1.0,0.0,0.2936993297119846,511.52936238551257,-1741.6769826718446,82.21627056584663,0.0,82.21627056584663,102609.65361983217,0.0008018953042370214
2023-01-25,92.35,30.04,2.916866901098224,-1.0,-1.0,0.2936993297119846,513.7915187465943,-1749.379269099601,398.80174276180315,0.0,398.80174276180315,103008.45536259397,0.0038865908683345385
2023-01-26,92.99,30.0,2.688899330082556,0.0,-1.0,0.2936993297119846,0.0,0.0,0.0,0.0,0.0,103008.45536259397,0.0
2023-01-27,93.07,29.74,2.4054033837055933,0.0,0.0,0.2936993297119846,0.0,0.0,0.0,0.0,0.0,103008.45536259397,0.0
2023-01-30,92.87,29.84,2.564143249647991,0.0,0.0,0.2936993297119846,0.0,0.0,0.0,0.0,0.0,103008.45536259397,0.0
2023-01-31,93.96,30.12,2.524010980261931,0.0,0.0,0.2936993297119846,0.0,0.0,0.0,0.0,0.0,103008.45536259397,0.0
2023-02-01,94.65,30.1,2.301358442760659,1.0,0.0,0.2936993297119846,-507.26462972646715,1727.1562390827203,-501.9635335338199,0.0,-501.9635335338199,102506.49182906015,-0.004873032332801119
2023-02-02,94.55,29.78,2.0107283757318584,1.0,1.0,0.2936993297119846,-510.34413020812855,1737.6414536205991,237.40763460788173,0.0,237.40763460788173,102743.89946366803,0.0023160253596794522
2023-02-03,92.11,29.2,2.1473547402290976,1.0,1.0,0.2936993297119846,-522.107588639967,1777.694178437419,27.47828362727526,0.0,27.47828362727526,102771.37774729531,0.00026744442999260265
2023-02-06,92.5,29.33,2.1628120016414236,1.0,1.0,0.2936993297119846,-519.8476952879806,1769.999597199516,609.9663801792217,0.0,609.9663801792217,103381.34412747453,0.00593517761023965
2023-02-07,92.28,29.61,2.5074258541780594,1.0,1.0,0.2936993297119846,-517.8733889892064,1763.2773949367113,-21.1086760344308,0.0,-21.1086760344308,103360.2354514401,-0.0002041826425510651
2023-02-08,90.38,29.04,2.4954545806308346,1.0,1.0,0.2936993297119846,-528.3830739211932,1799.0612182852121,302.29396531902876,0.0,302.29396531902876,103662.52941675912,0.0029246640547857528
2023-02-09,88.48,28.65,2.6634833070836024,1.0,1.0,0.2936993297119846,-537.5513438433798,1830.2777346156288,95.2520230905227,0.0,95.2520230905227,103757.78143984964,0.000918866475923874
2023-02-10,90.55,29.31,2.715525694579796,0.0,1.0,0.2936993297119846,0.0,0.0,0.0,0.0,0.0,103757.78143984964,0.0
2023-02-13,91.09,29.47,2.7169280565353198,-1.0,0.0,0.2936993297119846,522.382217050173,-1778.629244957575,19.286404141329967,0.0,19.286404141329967,103777.06784399097,0.00018587911069123386
2023-02-14,90.48,29.28,2.706084647659633,-1.0,-1.0,0.2936993297119846,525.8348100742021,-1790.3847808909218,499.9250335662898,0.0,499.9250335662898,104276.99287755726,0.0048172977320755095
2023-02-15,90.92,29.13,2.426856942586358,-1.0,-1.0,0.2936993297119846,526.0304429037272,-1791.0508798899116,27.557372952370486,0.0,27.557372952370486,104304.55025050964,0.00026427088269342924
2023-02-16,90.7,29.05,2.411470795122998,-1.0,-1.0,0.2936993297119846,527.3964565152557,-1795.701941275949,614.5356300369319,0.0,614.5356300369319,104919.08588054657,0.005891743251478454
2023-02-17,92.41,29.21,2.0692449413155067,-1.0,-1.0,0.2936993297119846,521.1985702873401,-1774.5991139933892,-280.6900354502337,0.0,-280.6900354502337,104638.39584509634,-0.002675300047598639
2023-02-21,90.85,28.91,2.2274158956662014,-1.0,-1.0,0.2936993297119846,528.3066697543367,-1798.8010741203225,92.07886435458636,0.0,92.07886435458636,104730.47470945092,0.0008799720562506774
2023-02-22,90.82,28.85,2.176226875557564,-1.0,-1.0,0.2936993297119846,528.9614037103208,-1801.0303402089658,49.87606600440704,0.0,49.87606600440704,104780.35077545533,0.00047623259746298885
2023-02-23,90.71,28.79,2.1485338018258773,-1.0,-1.0,0.2936993297119846,529.8422536073182,-1804.0294954942747,248.5306579986962,0.0,248.5306579986962,105028.88143345402,0.002371920461798238
2023-02-24,90.43,28.57,2.0107696141452323,-1.0,-1.0,0.2936993297119846,532.7470157960755,-1813.919753642313,-10.396950322360595,0.0,-10.396950322360595,105018.48448313166,-9.899134581325963e-05
2023-02-27,90.07,28.47,2.0165013728415495,-1.0,-1.0,0.2936993297119846,534.7425729481056,-1820.7143117163373,60.50489942459785,0.0,60.50489942459785,105078.98938255626,0.0005761357128928335
2023-02-28,87.97,27.82,1.9832699652367154,-1.0,-1.0,0.2936993297119846,547.3671793299774,-1863.6991097894281,-23.959568218124787,0.0,-23.959568218124787,105055.02981433814,-0.00022801483302148373
2023-03-01,86.36,27.36,1.9961258860730098,-1.0,-1.0,0.2936993297119846,557.0518757353683,-1896.6739770282745,-286.9100480791633,0.0,-286.9100480791633,104768.11976625897,-0.002731045325352066
2023-03-02,87.99,27.99,2.147395978642475,-1.0,-1.0,0.2936993297119846,545.5789015806525,-1857.6103054633218,-180.05953655587587,0.0,-180.05953655587587,104588.0602297031,-0.0017186481627959882
2023-03-03,89.09,28.41,2.244326715959293,-1.0,-1.0,0.2936993297119846,538.150630196384,-1832.3182103415757,-50.87282668258413,0.0,-50.87282668258413,104537.18740302052,-0.0004864114180036516
2023-03-06,89.37,28.52,2.272090903639935,-1.0,-1.0,0.2936993297119846,536.2617170490158,-1825.8867583215097,899.545927791997,0.0,899.545927791997,105436.73333081252,0.008605032813098434
2023-03-07,88.63,27.81,1.7794284076268063,-1.0,-1.0,0.2936993297119846,545.4981643500766,-1857.3354078983355,49.73675077183208,0.0,49.73675077183208,105486.47008158435,0.0004717212796774284
2023-03-08,89.3,27.98,1.7526498567197777,-1.0,-1.0,0.2936993297119846,541.8072068376005,-1844.7682783917899,-108.09906385311834,0.0,-108.09906385311834,105378.37101773123,-0.0010247670982782564
2023-03-09,88.76,27.88,1.8112474947642454,-1.0,-1.0,0.2936993297119846,544.40430236729,-1853.6109799813248,-76.46177831774446,0.0,-76.46177831774446,105301.9092394135,-0.0007255927148928087
2023-03-10,87.53,27.56,1.8524976703099867,-1.0,-1.0,0.2936993297119846,551.3668125345606,-1877.31723145319,-200.22759725564367,0.0,-200.22759725564367,105101.68164215786,-0.0019014621738756565
2023-03-13,89.38,28.21,1.9591539103428204,0.0,-1.0,0.2936993297119846,0.0,0.0,0.0,0.0,0.0,105101.68164215786,0.0
2023-03-14,90.25,28.69,2.183635493493391,-1.0,0.0,0.2936993297119846,532.099047351865,-1811.7135230566116,520.4263615807239,0.0,520.4263615807239,105622.10800373858,0.004951646381383679
2023-03-15,92.59,29.09,1.8963790619673446,-1.0,-1.0,0.2936993297119846,521.820246844713,-1776.7158248418018,-729.0675411319623,0.0,-729.0675411319623,104893.04046260662,-0.006902603582823463
2023-03-16,92.01,29.33,2.306724673200293,-1.0,-1.0,0.2936993297119846,521.1752609032667,-1774.5197492086745,-185.87406200485594,0.0,-185.87406200485594,104707.16640060175,-0.0017720342663832822
2023-03-17,90.7,29.05,2.411470795122998,-1.0,-1.0,0.2936993297119846,527.3964565152557,-1795.701941275949,379.47004977858126,0.0,379.47004977858126,105086.63645038033,0.003624107717009162
2023-03-20,91.76,29.15,2.2001495056282927,-1.0,-1.0,0.2936993297119846,523.5296121536908,-1782.535944726495,124.81301894155536,0.0,124.81301894155536,105211.44946932189,0.0011877154237445176
2023-03-21,88.9,28.24,2.130129588604568,-1.0,-1.0,0.2936993297119846,540.3864397262762,-1839.9307899551716,-22.233035365321257,0.0,-22.233035365321257,105189.21643395656,-0.00021131764154436183
2023-03-22,86.85,27.65,2.1422132145141397,-1.0,-1.0,0.2936993297119846,552.5048115663385,-1881.1919390764383,-174.8135887603048,0.0,-174.8135887603048,105014.40284519627,-0.001661896482231695
2023-03-23,85.41,27.32,2.2351402492993984,-1.0,-1.0,0.2936993297119846,560.4429266849781,-1908.219971882724,116.04559888034578,0.0,116.04559888034578,105130.44844407661,0.001105044600895555
2023-03-24,89.09,28.34,2.1743267159592925,-1.0,-1.0,0.2936993297119846,538.8417608960716,-1834.6714016149958,-584.5219751422817,0.0,-584.5219751422817,104545.92646893433,-0.005559968437243157
2023-03-27,88.55,28.5,2.4929243540037653,-1.0,-1.0,0.2936993297119846,538.8278975365614,-1834.6241990574558,-107.1315127758721,0.0,-107.1315127758721,104438.79495615845,-0.001024731583470162
2023-03-28,88.93,28.67,2.55131860871321,-1.0,-1.0,0.2936993297119846,536.0584015783459,-1825.194501138392,-522.6842058705272,0.0,-522.6842058705272,103916.11075028793,-0.005004693955823036
2023-03-29,90.1,29.3,2.83769039295019,-1.0,-1.0,0.2936993297119846,526.6986460597632,-1793.3260064851652,102.07751294032337,0.0,102.07751294032337,104018.18826322825,0.0009823069031673626
2023-03-30,90.43,29.34,2.780769614145232,-1.0,-1.0,0.2936993297119846,525.4085390526322,-1788.933395142143,79.55677445240889,0.0,79.55677445240889,104097.74503768067,0.000764835225269378
2023-03-31,90.99,29.46,2.736297989506525,-1.0,-1.0,0.2936993297119846,522.7482689857819,-1779.8755941949664,0.0,0.0,0.0,104097.74503768067,0.0
